autor,presentados,aprobados,tel
"ABAL MEDINA, JUAN MANUEL",38,0,0.0
"ABDALA DE MATARAZZO, NORMA AMANDA",110,34,0.3091
"ABRAHAM, ALEJANDRO",49,36,0.7347
"ACERENZA, SAMANTA MARIA CELESTE",57,27,0.4737
"ACEVEDO, SERGIO",19,13,0.6842
"ACOSTA, MARIA JULIA",81,26,0.321
"ACUÑA KUNZ, JUAN ERWIN B.",20,6,0.3
"ACUÑA, HUGO RODOLFO",144,85,0.5903
"ADORNI, MANUEL",3,0,0.0
"AGOST CARREÑO, OSCAR",266,169,0.6353
"AGOSTO, WALTER ALFREDO",32,31,0.9688
"AGUAD, OSCAR RAUL",83,50,0.6024
"AGUERO, GUILLERMO CESAR",5,0,0.0
"AGUILAR, LINO WALTER",209,53,0.2536
"AGUIRRE DE SORIA, HILDA CLELIA",26,7,0.2692
"AGUIRRE, HILDA",42,7,0.1667
"AGUIRRE, HILDA CLELIA",29,17,0.5862
"AGUIRRE, MANUEL IGNACIO",65,37,0.5692
"AICEGA, JUAN",24,8,0.3333
"AJMECHET, SABRINA",125,28,0.224
"ALBARRACIN, JORGE LUIS",34,17,0.5
"ALBORNOZ, GABRIELA ROMINA",31,21,0.6774
"ALBRIEU, OSCAR EDMUNDO NICOLAS",23,16,0.6957
"ALBRISI, CESAR ALFREDO",26,18,0.6923
"ALCUAZ, HORACIO ALBERTO",73,12,0.1644
"ALDERETE, JUAN CARLOS",63,23,0.3651
"ALEGRE, GILBERTO OSCAR",30,12,0.4
"ALFARO, GERMAN ENRIQUE",131,42,0.3206
"ALFONSIN, RICARDO LUIS",90,33,0.3667
"ALI, ERNESTO ""PIPI""",8,2,0.25
"ALIANIELLO, EUGENIA",178,60,0.3371
"ALIZEGUI, ANTONIO ANIBAL",19,3,0.1579
"ALLENDE, WALBERTO",15,4,0.2667
"ALMIRON, LISANDRO",2,0,0.0
"ALONSO, CONSTANZA MARIA",11,6,0.5455
"ALONSO, GUMERSINDO FEDERICO",92,23,0.25
"ALONSO, HORACIO FERNANDO",23,8,0.3478
"ALONSO, LAURA",238,75,0.3151
"ALONSO, LAURA V.",45,9,0.2
"ALONSO, MARIA LUZ",22,17,0.7727
"ALUME SBODIO, KARIM AUGUSTO",58,43,0.7414
"ALVAREZ RODRIGUEZ, MARIA CRISTINA",148,76,0.5135
"ALVAREZ, ELSA MARIA",94,18,0.1915
"ALVAREZ, FELIPE",5,5,1.0
"ALVAREZ, JORGE MARIO",68,38,0.5588
"ALVAREZ, JUAN JOSE",24,20,0.8333
"ALVARO, HECTOR JORGE",7,2,0.2857
"AMADEO, EDUARDO PABLO",104,23,0.2212
"AMAYA, DOMINGO LUIS",11,10,0.9091
"AMENTA, MARCELO",13,7,0.5385
"AMERI, JUAN EMILIO",20,10,0.5
"ANDINO, CRISTIAN",3,1,0.3333
"ANDRADE, JAVIER",1,0,0.0
"ANGELINI, FEDERICO",62,27,0.4355
"ANSALONI, PABLO MIGUEL",80,17,0.2125
"ANTOLA, MARCELA",62,7,0.1129
"APARICIO, ALICIA N.",47,38,0.8085
"ARABIA, DAMIAN",64,19,0.2969
"ARAGON, SANTIAGO DIEGO",1,0,0.0
"ARANCIBIA RODRIGUEZ, ALBERTO GUSTAVO",7,2,0.2857
"ARAUJO HERNANDEZ, JORGE NERI",68,12,0.1765
"ARAUJO, MARIA FERNANDA",23,3,0.1304
"ARBO, JOSE AMEGHINO",41,16,0.3902
"ARCE, MARIO HORACIO",71,23,0.3239
"ARDID, MARIO ROLANDO",31,10,0.3226
"ARDOHAIN, MARTIN",32,5,0.1562
"ARENA, CELIA ISABEL",72,23,0.3194
"ARENAS, BERTA HORTENSIA",85,26,0.3059
"ARETA, MARIA JOSEFA",65,22,0.3385
"ARGUMEDO, ALCIRA SUSANA",109,50,0.4587
"ARGÜELLO, OCTAVIO",11,7,0.6364
"ARJOL, MARTIN",53,5,0.0943
"ARREGUI, ANDRES ROBERTO",11,7,0.6364
"ARRIAGA, JULIO ESTEBAN",4,4,1.0
"ARRICAU, CAROLINA NATALIA",3,0,0.0
"ARRIETA, GUSTAVO HECTOR",21,8,0.381
"ARRIETA, LOURDES MICAELA",29,5,0.1724
"ARROYO, DANIEL",174,83,0.477
"ARRUA, ALBERTO",7,1,0.1429
"ASCARATE, LIDIA INES",60,14,0.2333
"ASEF, DANIEL EDGARDO",15,6,0.4
"ASENCIO, FERNANDO",49,9,0.1837
"ASPIAZU, LUCIO BERNARDO",31,6,0.1935
"ASSEFF, ALBERTO",2442,565,0.2314
ASUNTOS CONSTITUCIONALES,14,0,0.0
"ATANASOF, ALFREDO NESTOR",447,12,0.0268
"AUBONE, ANA FABIOLA",42,21,0.5
"AUGSBURGER, SILVIA",53,27,0.5094
"AUSTIN, BRENDA LIS",281,143,0.5089
"AVEIRO, MARTIN",74,32,0.4324
"AVICO, BELEN",2,2,1.0
"AVILA, BEATRIZ LUISA",311,113,0.3633
"AVILA, FERNANDA",13,8,0.6154
"AVILA, JORGE ANTONIO",15,8,0.5333
"AVOSCAN, HERMAN HORACIO",61,28,0.459
"AYALA, AIDA BEATRIZ MAXIMA",55,4,0.0727
"AZCOITI, PEDRO JOSE",48,12,0.25
"BACHEY, KARINA ETHEL",206,13,0.0631
"BAHILLO, JUAN JOSE",32,8,0.25
"BALADRON, MANUEL JUSTO",23,5,0.2174
"BALBO, ELVA SUSANA",23,12,0.5217
"BALCEDO, MARIA ESTER",84,13,0.1548
"BALDASSI, HECTOR W.",326,131,0.4018
"BALDATA, GRISELDA ANGELA",72,25,0.3472
"BALLEJOS, NANCY",16,2,0.125
"BANFI, KARINA",386,149,0.386
"BARAGIOLA, VILMA ROSANA",39,17,0.4359
"BARBARO, HECTOR ""CACHO""",44,16,0.3636
"BARBIERI, MARIO LEANDRO",40,16,0.4
"BARCHETTA, OMAR SEGUNDO",72,13,0.1806
"BARDEGGIA, LUIS MARIA",106,51,0.4811
"BARLETTA, MARIO",14,10,0.7143
"BARLETTA, MARIO DOMINGO",44,22,0.5
"BARRANDEGUY, RAUL ENRIQUE",44,22,0.5
"BARRETO, JORGE RUBEN",73,18,0.2466
"BARRIONUEVO, JOSE LUIS",8,3,0.375
"BARRIOS, MIGUEL ANGEL",161,38,0.236
"BARTOLUCCI, GILDA LILIANA",3,0,0.0
"BASTEIRO, SERGIO ARIEL",125,43,0.344
"BASTERRA, LUIS EUGENIO",181,42,0.232
"BASUALDO, ATILIO",1,0,0.0
"BAYONZO, LILIANA AMELIA",15,3,0.2
"BAZZE, MIGUEL ANGEL",36,13,0.3611
"BEDANO, NORA ESTHER",60,27,0.45
"BELLOCQ, GERARDO ALBERTO",1,0,0.0
"BELOUS, NELIDA",131,65,0.4962
"BENAS, VERONICA CLAUDIA",210,45,0.2143
"BENEDETTI, ATILIO",14,2,0.1429
"BENEDETTI, ATILIO FRANCISCO SALVADOR",93,32,0.3441
"BENEDIT, BELTRAN",8,1,0.125
"BERGMAN, SERGIO ALEJANDRO",26,19,0.7308
"BERHONGARAY, MARTIN ANTONIO",95,48,0.5053
"BERISSO, HERNAN",269,26,0.0967
"BERMEJO, ADOLFO",108,47,0.4352
"BERMEJO, ALEJANDRO DANIEL",26,12,0.4615
"BERMEJO, SIXTO OSVALDO",33,10,0.303
"BERNABEY, RAMON ERNESTO",14,8,0.5714
"BERNAL, MARIA EUGENIA",24,11,0.4583
"BERNAZZA, CLAUDIA ALICIA",35,25,0.7143
"BERRAUTE, ANA",3,0,0.0
"BERTOL, PAULA MARIA",164,55,0.3354
"BERTOLDI, TANYA",44,20,0.4545
"BERTONE, ROSANA ANDREA",155,63,0.4065
"BESADA, ALICIA IRMA",26,4,0.1538
"BESANA, GABRIELA",53,32,0.6038
"BEVERAGGI, MARGARITA BEATRIZ",42,9,0.2143
"BEVILACQUA, GUSTAVO",92,51,0.5543
"BIANCHETTI, EMMANUEL",27,8,0.2963
"BIANCHI SILVESTRE, MARCELA A.",5,2,0.4
"BIANCHI, IVANA MARIA",4322,929,0.2149
"BIANCHI, MARIA DEL CARMEN",49,25,0.5102
"BIANCO, LIA FABIOLA",41,28,0.6829
"BIASI, VANINA",122,48,0.3934
"BICAMERAL DE LOS DERECHOS DE LAS NIÑAS, NIÑOS Y ADOLESCENTES (LEY 26.061)",1,0,0.0
BICAMERAL DE PROMOCION Y SEGUIMIENTO DE LA COMUNICACION AUDIOVISUAL (LEY 26522),1,0,0.0
BICAMERAL DE SEGUIMIENTO DE FACULTADES DELEGADAS AL PODER EJECUTIVO NACIONAL - LEY 25561,2,0,0.0
BICAMERAL DE SEGUIMIENTO Y COORDINACION PARA LA CONFECCION DEL DIGESTO JURIDICO ARGENTINO,1,0,0.0
"BICAMERAL DEL DEFENSOR DE LOS DERECHOS DE LAS NIÑAS, NIÑOS Y ADOLESCENTES (LEY 26.061)",1,0,0.0
BICAMERAL PERMANENTE DE TRAMITE LEGISLATIVO - LEY 26122,70,0,0.0
"BIDEGAIN, GLORIA MERCEDES",78,7,0.0897
"BIELLA CALVET, BERNARDO JOSE",287,72,0.2509
"BIELLA, BERNARDO",3,1,0.3333
"BINNER, HERMES JUAN",139,66,0.4748
"BISUTTI, DELIA BEATRIZ",89,30,0.3371
"BLANCO DE PERALTA, BLANCA",26,10,0.3846
"BOGDANICH, ESTEBAN MATEO",6,1,0.1667
"BONACCI, ROCIO",9,4,0.4444
"BONASSO, MIGUEL LUIS",55,30,0.5455
"BONGIOVANNI, ALEJANDRO",10,9,0.9
"BORDA, FABIAN ANTONIO",11,2,0.1818
"BORDET, GUSTAVO",11,5,0.4545
"BORGATTA, ALEJANDRINA",5,0,0.0
"BORMIOLI, LISANDRO",29,11,0.3793
"BORNORONI, GABRIEL",13,3,0.2308
"BORREGO, VICTORIA",102,28,0.2745
"BORSANI, LUIS GUSTAVO",72,59,0.8194
"BOSSIO, DIEGO LUIS",50,43,0.86
"BOUDOU, AMADO",3,0,0.0
"BOUHID, GUSTAVO",34,18,0.5294
"BOYADJIAN, GRACIELA EUNICE",20,5,0.25
"BRAGAGNOLO, SEBASTIAN",14,7,0.5
"BRAMBILLA, SOFIA",219,65,0.2968
"BRAWER, MARA",112,29,0.2589
"BREGMAN, MYRIAM",148,53,0.3581
"BREZZO, MARIA EUGENIA",18,5,0.2778
"BRILLO, JOSE RICARDO",73,35,0.4795
"BRITEZ, MARIA CRISTINA",110,19,0.1727
"BRIZUELA DEL MORAL, EDUARDO SEGUNDO",180,90,0.5
"BRIZUELA Y DORIA DE CARA, OLGA INES",46,25,0.5435
"BROMBERG, ISAAC BENJAMIN",9,2,0.2222
"BROUWER DE KONING, GABRIELA",123,60,0.4878
"BROWN, CARLOS RAMON",81,20,0.2469
"BRUE, DANIEL AGUSTIN",99,43,0.4343
"BRUNO, ELIANA",1,0,0.0
"BRÜGGE, JUAN FERNANDO",197,116,0.5888
"BUCCA, EDUARDO",49,21,0.4286
"BUIL, SERGIO OMAR",36,21,0.5833
"BULLRICH, ESTEBAN JOSE",75,22,0.2933
"BULLRICH, PATRICIA",730,193,0.2644
"BURGOS, MARIA GABRIELA",96,62,0.6458
"BURYAILE, RICARDO",192,61,0.3177
"BURZACO, EUGENIO",6,5,0.8333
"CABANDIE, JUAN",107,57,0.5327
"CACACE, ALEJANDRO",43,21,0.4884
"CACERES, ADRIANA",63,15,0.2381
"CACERES, EDUARDO AUGUSTO",237,173,0.73
"CAFIERO, SANTIAGO",13,1,0.0769
"CAFIERO, SANTIAGO ANDRES",193,0,0.0
"CALCAGNO Y MAILLMANN, ERIC",4,3,0.75
"CALCHAQUI, MARIEL",42,15,0.3571
"CALIVA, LIA VERONICA",56,19,0.3393
"CALLERI, AGUSTIN SANTIAGO",11,7,0.6364
"CALLETTI, PAMELA",322,183,0.5683
"CALZA, NELIO HIGINIO",8,2,0.25
"CAMAÑO, DANTE ALBERTO",169,5,0.0296
"CAMAÑO, GRACIELA",594,376,0.633
"CAMPAGNOLI, MARCELA",287,146,0.5087
"CAMPERO, MARIANO",8,3,0.375
"CAMPITELLI, CELIA",27,0,0.0
"CAMPO, JULIETA MARISOL",6,0,0.0
"CAMPOS, JAVIER",10,8,0.8
"CANELA, SUSANA MERCEDES",40,12,0.3
"CANO, JOSE MANUEL",104,44,0.4231
"CANTARD, ALBOR ANGEL",21,10,0.4762
"CANTERO GUTIERREZ, ALBERTO",56,30,0.5357
"CAPARROS, MABEL LUISA",141,33,0.234
"CAPITANICH, JORGE",25,0,0.0
"CAPOZZI, SERGIO EDUARDO",66,22,0.3333
"CAPUTO, LUIS ANDRES",1,0,0.0
"CARAMBIA, ANTONIO JOSE",16,4,0.25
"CARASSO, MARCOS GUSTAVO",28,6,0.2143
"CARBAJAL, FERNANDO",31,21,0.6774
"CARCA, ELISA BEATRIZ",54,21,0.3889
"CARDELLI, JORGE JUSTO",77,20,0.2597
"CARIGNANO, FLORENCIA",49,11,0.2245
"CARLOTTO, REMO GERARDO",100,49,0.49
"CARMONA, GUILLERMO RAMON",315,73,0.2317
"CARMONA, MARIA ARACELI",24,18,0.75
"CARNAGHI, GUILLERMO OSCAR",13,10,0.7692
"CAROL, ANALUZ AILEN",41,5,0.122
"CARRANCIO, ALEJANDRO",1,0,0.0
"CARRANZA, CARLOS ALBERTO",40,12,0.3
"CARRILLO, MARIA DEL CARMEN",20,5,0.25
"CARRIO, ELISA MARIA AVELINA",446,296,0.6637
"CARRIZO, ANA CARLA",575,330,0.5739
"CARRIZO, NILDA MABEL",95,24,0.2526
"CARRIZO, SOLEDAD",424,194,0.4575
"CARRO, PABLO",123,50,0.4065
"CASARETTO, MARCELO PABLO",57,14,0.2456
"CASAS, SERGIO GUILLERMO",15,3,0.2
"CASAÑAS, JUAN FRANCISCO",366,161,0.4399
"CASELLES, GRACIELA MARIA",1154,587,0.5087
"CASERIO, CARLOS ALBERTO",18,11,0.6111
"CASSINERIO, PAULO LEONARDO",81,16,0.1975
"CASTAGNETO, CARLOS DANIEL",157,89,0.5669
"CASTALDO, NORAH SUSANA",88,15,0.1705
"CASTAÑON, HUGO",42,11,0.2619
"CASTETS, LAURA CAROLINA",35,0,0.0
"CASTILLO, CHRISTIAN",104,17,0.1635
"CASTRO MOLINA, ENRIQUE ROBERTO",5,3,0.6
"CASTRO, SANDRA DANIELA",208,75,0.3606
"CATALAN MAGNI, JULIO CESAR",29,1,0.0345
"CAVIGLIA, FRANCO AGUSTIN",15,7,0.4667
"CEJAS, JORGE ALBERTO",69,23,0.3333
"CERRUTI, GABRIELA",48,16,0.3333
"CERVI, PABLO",41,9,0.2195
"CESAR, NORA NOEMI",7,4,0.5714
"CHAHER, LEILA",31,6,0.1935
"CHAHLA, ROSSANA",49,35,0.7143
"CHEMES, JORGE OMAR",50,12,0.24
"CHICA, JORGE",70,15,0.2143
"CHIENO, MARIA ELENA PETRONA",176,37,0.2102
"CHIQUICHANO, ROSA LAUDELINA",25,16,0.64
"CHOMIAK, MARIA LUISA",48,24,0.5
"CHUMPITAZ, GABRIEL FELIPE",33,21,0.6364
"CIAMPINI, JOSE ALBERTO",136,27,0.1985
"CICILIANI, ALICIA MABEL",318,155,0.4874
"CIGOGNA, LUIS FRANCISCO JORGE",58,43,0.7414
"CIPOLINI, GERARDO",74,31,0.4189
"CISNEROS, CARLOS",12,11,0.9167
"CISNEROS, CARLOS ANIBAL",34,15,0.4412
"CLERI, MARCOS",113,48,0.4248
"CLOSS, MAURICE FABIAN",23,15,0.6522
"COBOS, JULIO",170,73,0.4294
"COLETTA, MARIELA",9,1,0.1111
"COLI, MARCELA",78,13,0.1667
"COLLANTES, GENARO AURELIO",130,31,0.2385
"COMELLI, ALICIA MARCELA",571,378,0.662
"COMI, CARLOS MARCELO",139,40,0.2878
"CONESA, EDUARDO RAUL",26,25,0.9615
"CONTI, DIANA BEATRIZ",296,154,0.5203
"CONTIGIANI, LUIS GUSTAVO",173,55,0.3179
"CONTRERA, MONICA GRACIELA",21,8,0.381
"COPES, ANA ISABEL",24,13,0.5417
"CORDOBA, JOSE MANUEL",25,8,0.32
"CORDOBA, STELLA MARIS",57,41,0.7193
"CORNEJO, ALFREDO VICTOR",27,11,0.4074
"CORNEJO, VIRGINIA",241,41,0.1701
"CORPACCI, LUCIA BENIGNA",10,8,0.8
"CORREA LLANO, FACUNDO",5,4,0.8
"CORREA, WALTER",76,37,0.4868
"CORTINA, ROY",285,148,0.5193
"COSCIA, JORGE EDMUNDO",45,8,0.1778
"COSTA, ANAHI",19,15,0.7895
"COSTA, EDUARDO RAUL",161,44,0.2733
"COUSINET, GRACIELA",44,14,0.3182
"CREMER DE BUSTI, MARIA CRISTINA",231,65,0.2814
"CRESCIMBENI, CAMILA",63,25,0.3968
"CRESTO, MAYDA",191,47,0.2461
"CUCCOVILLO, RICARDO OSCAR",176,54,0.3068
"CUEVAS, HUGO OSCAR",8,1,0.125
"CURRILEN, OSCAR RUBEN",488,40,0.082
"CUSINATO, GUSTAVO",42,17,0.4048
"D'AGOSTINO, JORGE MARCELO",67,39,0.5821
"D'ALESSANDRO, CARLOS",9,3,0.3333
"D'ALESSANDRO, MARCELO SILVIO",21,5,0.2381
"DAER, HECTOR RICARDO",18,8,0.4444
"DAHER, ZULEMA BEATRIZ",193,45,0.2332
"DAIVES, RICARDO",27,4,0.1481
"DAIVES, RICARDO DANIEL",27,13,0.4815
"DALLA FONTANA, ARIEL RAUL ARMANDO",5,5,1.0
"DAMILANO GRIVARELLO, VIVIANA MONICA",328,13,0.0396
"DANTAS, PEDRO CRISTIAN",25,12,0.48
"DAS NEVES, MARIO",29,19,0.6552
"DATO, ALFREDO CARLOS",42,16,0.381
"DAVID, JAVIER",80,45,0.5625
"DE FERRARI RUEDA, PATRICIA",106,13,0.1226
"DE GENNARO, VICTOR NORBERTO",68,22,0.3235
"DE LA ROSA, MARIA GRACIELA",29,10,0.3448
"DE LA SOTA, NATALIA",30,9,0.3
"DE LAMADRID, ALVARO",110,14,0.1273
"DE LOREDO, RODRIGO",22,12,0.5455
"DE MARCHI, OMAR",221,65,0.2941
"DE MENDIETA, MERCEDES",12,6,0.5
"DE MENDIGUREN, JOSE IGNACIO",61,20,0.3279
"DE NARVAEZ, FRANCISCO",295,177,0.6
"DE PEDRO, EDUARDO ENRIQUE",58,40,0.6897
"DE PONTI, LUCILA MARIA",110,49,0.4455
"DE PRAT GAY, ALFONSO",30,23,0.7667
"DE SENSI, MARIA FLORENCIA",8,7,0.875
"DE VIDO, JULIO",12,7,0.5833
"DEL CAMPILLO, HECTOR EDUARDO",10,4,0.4
"DEL CAÑO, NICOLAS",309,105,0.3398
"DEL CERRO, GONZALO PEDRO ANTONIO",38,20,0.5263
"DEL PLA, ROMINA",401,179,0.4464
"DELICH, FRANCISCO JOSE",13,5,0.3846
"DELU, MELINA AIDA",49,12,0.2449
"DEPETRI, EDGARDO FERNANDO",47,28,0.5957
DERECHOS HUMANOS Y GARANTIAS,2,0,0.0
"DERNA, VERONICA",80,6,0.075
"DI GIACOMO, LUIS",38,21,0.5526
"DI STEFANO, DANIEL",316,89,0.2816
"DI TULLIO, JULIANA",64,21,0.3281
"DIAZ BANCALARI, JOSE MARIA",10,6,0.6
"DIAZ ROIG, JUAN CARLOS",167,95,0.5689
"DIAZ, SUSANA ELADIA",45,8,0.1778
"DIEZ, MARIA INES",54,16,0.2963
"DIEZ, ROMINA",3,2,0.6667
"DINDART, JULIAN",11,1,0.0909
"DOMINGO, AGUSTIN",25,23,0.92
"DOMINGUEZ, JULIAN ANDRES",73,19,0.2603
"DONDA PEREZ, VICTORIA ANALIA",838,416,0.4964
"DONKIN, CARLOS GUILLERMO",33,20,0.6061
"DOVENA, MIGUEL DANTE",13,12,0.9231
"DOÑATE, CLAUDIO MARTIN",128,99,0.7734
"DUCLOS, OMAR ARNALDO",109,26,0.2385
"DURAND CORNEJO, GUILLERMO MARIO",167,109,0.6527
"DURE, LUCILA BEATRIZ",32,10,0.3125
"DURE, MARIA EUGENIA",1,1,1.0
"DUTTO, GUSTAVO ALBERTO",2,1,0.5
"ECHEGARAY, ALEJANDRO CARLOS AUGUSTO",67,14,0.209
"EHCOSOR, MARIA AZUCENA",180,101,0.5611
"EL SUKARIA, SOHER",157,41,0.2611
"ELIAS DE PEREZ, SILVIA BEATRIZ",1,0,0.0
"ELICECHE, CARLOS TOMAS",13,8,0.6154
"ELORRIAGA, OSVALDO ENRIQUE",51,8,0.1569
"ENRIQUEZ, JORGE RICARDO",306,97,0.317
"ERRO, NORBERTO PEDRO",34,16,0.4706
ESPECIAL MODERNIZACION DEL FUNCIONAMIENTO PARLAMENTARIO,1,0,0.0
"ESPER, LAURA",41,10,0.2439
"ESPERT, JOSE LUIS",25,6,0.24
"ESPIL, SANTIAGO EUGENIO",7,2,0.2857
"ESPINDOLA, GLADYS SUSANA",14,3,0.2143
"ESPINOZA, FERNANDO",62,24,0.3871
"ESTEVEZ, ENRIQUE",144,60,0.4167
"ESTEVEZ, GABRIELA BEATRIZ",420,138,0.3286
"ESTRADA, EMILIANO",121,113,0.9339
"FABIANI, EDUARDO ALBERTO",7,2,0.2857
"FABRIS, LUCIANO RAFAEL",93,20,0.2151
"FADEL, PATRICIA SUSANA",53,31,0.5849
"FADUL, LILIANA",695,61,0.0878
"FAGIOLI, FEDERICO",26,16,0.6154
"FALCONE, EDUARDO",9,1,0.1111
"FARIAS, PABLO",2,0,0.0
"FAUSTINELLI, HIPOLITO",7,4,0.5714
"FAVARIO, CARLOS ALBERTO",32,13,0.4062
"FEIN, MONICA",182,68,0.3736
"FEIN, MONICA HAYDE",145,59,0.4069
"FELETTI, ROBERTO JOSE",4,3,0.75
"FELIX, OMAR CHAFI",37,28,0.7568
"FELLNER, EDUARDO ALFREDO",50,7,0.14
"FERNANDEZ BASUALDO, LUIS MARIA",11,5,0.4545
"FERNANDEZ BLANCO, MARIA CRISTINA",4,1,0.25
"FERNANDEZ DE KIRCHNER, CRISTINA",198,0,0.0
"FERNANDEZ LANGAN, EZEQUIEL",104,35,0.3365
"FERNANDEZ MENDIA, GUSTAVO RODOLFO",47,23,0.4894
"FERNANDEZ MOLERO, DAIANA",5,3,0.6
"FERNANDEZ PATRI, RAMIRO",18,6,0.3333
"FERNANDEZ SAGASTI, ANABEL",43,27,0.6279
"FERNANDEZ, AGUSTIN",7,4,0.5714
"FERNANDEZ, ALBERTO",91,0,0.0
"FERNANDEZ, ANIBAL DOMINGO",84,0,0.0
"FERNANDEZ, CARLOS A.",30,16,0.5333
"FERNANDEZ, CARLOS ALBERTO",112,21,0.1875
"FERNANDEZ, EDUARDO",40,14,0.35
"FERNANDEZ, ELIA MARINA",10,2,0.2
"FERNANDEZ, HECTOR",7,2,0.2857
"FERNANDEZ, MARCELO OMAR",11,4,0.3636
"FERNANDEZ, RODOLFO ALFREDO",253,37,0.1462
"FERRA DE BARTOL, MARGARITA",158,21,0.1329
"FERRARI, GUSTAVO ALFREDO HORACIO",131,77,0.5878
"FERRARO, MAXIMILIANO",207,123,0.5942
"FERREYRA, ALIDA",3,2,0.6667
"FERREYRA, ARACELI",198,57,0.2879
"FERREYRA, DANIEL JULIO",22,21,0.9545
"FERRO, FRANCISCO JOSE",121,12,0.0992
"FIAD, MARIO RAYMUNDO",110,42,0.3818
"FIGUEROA CASAS, GERMANA",34,16,0.4706
"FIGUEROA, ALCIRA ELSA",42,14,0.3333
"FIGUEROA, ROLANDO",41,13,0.3171
"FILMUS, DANIEL",106,25,0.2358
"FINOCCHIARO, ALEJANDRO",37,7,0.1892
"FIOL, PAULINA ESTHER",19,14,0.7368
"FIORE VIÑUALES, MARIA CRISTINA DEL VALLE",21,8,0.381
"FLORES, DANILO ADRIAN",126,22,0.1746
"FLORES, HECTOR",133,49,0.3684
"FORCONI, JUAN CARLOS",33,12,0.3636
"FORTE, ULISES UMBERTO JOSE",48,19,0.3958
"FORTUNA, FRANCISCO JOSE",39,18,0.4615
"FRADE, MONICA",90,38,0.4222
"FRADE, MONICA EDITH",104,40,0.3846
"FRANA, SILVINA PATRICIA",198,83,0.4192
"FRANCIONI, FABIAN MARCELO",4,0,0.0
"FRANCO, JORGE DANIEL",114,24,0.2105
"FRANCOS, GUILLERMO ALBERTO",21,0,0.0
"FREGONESE, ALICIA",58,19,0.3276
"FREITES, ANDREA",53,9,0.1698
"FRIGERIO, FEDERICO",47,13,0.2766
"FRIGERIO, ROGELIO",30,11,0.3667
"FRIZZA, GABRIEL ALBERTO",25,15,0.6
"FURLAN, FRANCISCO ABEL",50,47,0.94
"GAGLIARDI, JOSUE",6,3,0.5
"GAILLARD, ANA CAROLINA",285,126,0.4421
"GALANTINI, EDUARDO LEONEL",135,24,0.1778
"GALIMBERTI, PEDRO JORGE",66,17,0.2576
"GALLARDO, MARIA VIRGINIA",1,0,0.0
"GALLARDO, MIRIAM GRACIELA",305,32,0.1049
"GALMARINI, SEBASTIAN",3,2,0.6667
"GALVALISI, LUIS ALBERTO",170,57,0.3353
"GAMBARO, NATALIA",90,55,0.6111
"GARCIA ARESCA, IGNACIO",8,2,0.25
"GARCIA DE LUCA, SEBASTIAN",24,4,0.1667
"GARCIA DE MORENO, EVA",19,3,0.1579
"GARCIA HAMILTON, JOSE IGNACIO",68,7,0.1029
"GARCIA LARRABURU, SILVINA MARCELA",71,22,0.3099
"GARCIA MENDEZ, EMILIO ARTURO",16,11,0.6875
"GARCIA, ANDREA FABIANA",22,9,0.4091
"GARCIA, IRMA ADRIANA",43,16,0.3721
"GARCIA, MARIA TERESA",63,30,0.4762
"GARCIA, SUSANA ROSA",135,45,0.3333
"GARCIA, XIMENA",142,36,0.2535
"GARDELLA, PATRICIA SUSANA",16,3,0.1875
"GARNERO, ESTELA RAMONA",74,14,0.1892
"GARRAMUÑO, JORGE ALBERTO",7,2,0.2857
"GARRAMUÑO, RICARDO",3,3,1.0
"GARRE, NILDA CELIA",120,25,0.2083
"GARRETON, FACUNDO",13,7,0.5385
"GARRIDO, JOSE LUIS",17,10,0.5882
"GARRIDO, MANUEL",201,59,0.2935
"GAYOL, YANINA CELESTE",132,30,0.2273
"GDANSKY, CARLOS ENRIQUE",16,5,0.3125
"GENEM, AMANDA SUSANA",76,8,0.1053
"GEREZ, ELDA RAMONA",16,12,0.75
"GERMANO, DANIEL",9,3,0.3333
"GERVASONI, LAUTARO",39,19,0.4872
"GIACCONE, CLAUDIA ALEJANDRA",71,19,0.2676
"GIACOMINO, DANIEL OSCAR",8,5,0.625
"GIANNETTASIO, GRACIELA MARIA",18,7,0.3889
"GIL LAVEDRA, RICARDO RODOLFO",206,75,0.3641
"GIL LOZANO, CLAUDIA FERNANDA",61,20,0.3279
"GILL, MARTIN RODRIGO",21,9,0.4286
"GIMENEZ, PATRICIA VIVIANA",186,55,0.2957
"GINOCCHIO, SILVANA MICAELA",570,186,0.3263
"GINZBURG, NORA RAQUEL",64,21,0.3281
"GIOJA, JOSE LUIS",202,125,0.6188
"GIOJA, JUAN CARLOS",171,54,0.3158
"GIORDANO, JUAN CARLOS",47,18,0.383
"GIORGI, MELINA",25,7,0.28
"GIUBERGIA, MIGUEL ANGEL",225,86,0.3822
"GIUDICI, SILVANA",114,46,0.4035
"GIUDICI, SILVANA MYRIAM",333,82,0.2462
"GIULIANO, DIEGO A.",31,11,0.3548
"GIUSTOZZI, RUBEN DARIO",56,25,0.4464
"GLINSKI, JOSE",14,4,0.2857
"GODOY, LUCAS JAVIER",73,47,0.6438
"GODOY, RUPERTO EDUARDO",37,3,0.0811
"GOICOECHEA, HORACIO",40,18,0.45
"GOLLAN, DANIEL",51,31,0.6078
"GOMEZ BULL, MAURICIO RICARDO",44,14,0.3182
"GOMEZ, JOSE",7,3,0.4286
"GONZALEZ SELIGRA, NATHALIA INES",45,10,0.2222
"GONZALEZ, ALVARO",4,0,0.0
"GONZALEZ, ALVARO GUSTAVO",64,13,0.2031
"GONZALEZ, DIOGENES IGNACIO",4,2,0.5
"GONZALEZ, GLADYS ESTHER",171,118,0.6901
"GONZALEZ, GUSTAVO CARLOS MIGUEL",41,11,0.2683
"GONZALEZ, JOSEFINA VICTORIA",75,26,0.3467
"GONZALEZ, JUAN DANTE",159,60,0.3774
"GONZALEZ, MARIA AMERICA",82,62,0.7561
"GONZALEZ, NANCY SUSANA",133,65,0.4887
"GONZALEZ, PABLO GERARDO",17,10,0.5882
"GONZALEZ, VERONICA",21,2,0.0952
"GORBACZ, LEONARDO ARIEL",76,35,0.4605
"GRANA, ADRIAN EDUARDO",81,41,0.5062
"GRANADOS, DULCE",774,94,0.1214
"GRANDE, MARTIN",21,3,0.1429
"GRANDINETTI, ALEJANDRO ARIEL",127,48,0.378
"GRIBAUDO, CHRISTIAN ALEJANDRO",250,50,0.2
"GROSSO, LEONARDO",167,78,0.4671
"GUCCIONE, JOSE DANIEL",212,22,0.1038
"GUERCI, BEATRIZ ELVIRA",2,1,0.5
"GUERIN, MARIA ISABEL",112,44,0.3929
"GUEVARA, FRANCISCO",31,7,0.2258
"GULLO, JUAN CARLOS DANTE",122,12,0.0984
"GUTIERREZ, CARLOS",14,7,0.5
"GUTIERREZ, CARLOS MARIO",24,12,0.5
"GUTIERREZ, GRACIELA BEATRIZ",54,24,0.4444
"GUTIERREZ, HECTOR MARIA",30,11,0.3667
"GUTIERREZ, MONICA EDITH",25,6,0.24
"GUTIERREZ, RAMIRO",93,77,0.828
"GUZMAN, ANDRES ERNESTO",37,14,0.3784
"GUZMAN, OLGA ELIZABETH",484,154,0.3182
"GUZMAN, SANDRO ADRIAN",3,3,1.0
H CAMARA DE DIPUTADOS,149,0,0.0
"HAGMAN, ITAI",29,14,0.4828
"HALAK, BEATRIZ SUSANA",25,6,0.24
"HARISPE, GASTON",84,30,0.3571
"HEIN, GUSTAVO RENE",67,41,0.6119
"HELLER, CARLOS",73,33,0.4521
"HEREDIA, ARTURO MIGUEL",11,4,0.3636
"HERNANDEZ, ESTELA",123,37,0.3008
"HERNANDEZ, MARTIN OSVALDO",29,19,0.6552
"HERRERA, ALBERTO",36,2,0.0556
"HERRERA, BERNARDO JOSE",2,1,0.5
"HERRERA, GRISELDA NOEMI",45,24,0.5333
"HERRERA, JOSE ALBERTO",105,23,0.219
"HERRERA, LUIS BEDER",35,2,0.0571
"HERRERA, MARCELA",2,0,0.0
"HERRERA, RICARDO",54,19,0.3519
"HERS CABRAL, ANABELLA RUTH",102,98,0.9608
"HORNE, SILVIA RENEE",136,36,0.2647
"HOTTON, CYNTHIA LILIANA",27,12,0.4444
"HUCZAK, STELLA MARIS",44,19,0.4318
"HUESEN, GERARDO",10,6,0.6
"HUMMEL, ASTRID",40,13,0.325
"HUSS, JUAN MANUEL",108,19,0.1759
"IANNI, ANA MARIA",280,38,0.1357
"IBARRA, EDUARDO MAURICIO",49,35,0.7143
"IBARRA, VILMA LIDIA",74,47,0.6351
"IBAÑEZ, MARIA CECILIA",28,2,0.0714
"IGLESIAS, FERNANDO ADOLFO",281,66,0.2349
"IGON, SANTIAGO NICOLAS",78,37,0.4744
"ILARREGUI, LUIS ALFREDO",15,4,0.2667
"INCICCO, LUCAS CIRIACO",86,35,0.407
"INFANTE, HUGO ORLANDO",4,0,0.0
"INSAURRALDE, MARTIN",16,11,0.6875
"IPARRAGUIRRE, ROGELIO",19,6,0.3158
"IRRAZABAL, JUAN MANUEL",57,32,0.5614
"ISA, EVITA NELIDA",28,14,0.5
"ITURRASPE, NORA GRACIELA",177,28,0.1582
"ITURRIETA, MIGUEL ANGEL",46,20,0.4348
"JALDO, OSVALDO FRANCISCO",1,0,0.0
"JAVKIN, PABLO LAUTARO",80,20,0.25
"JETTER, INGRID",149,46,0.3087
"JOURY, MARIA DE LAS MERCEDES",88,31,0.3523
"JUAREZ, MANUEL HUMBERTO",14,6,0.4286
"JUAREZ, MYRIAN DEL VALLE",47,4,0.0851
"JUEZ, LUIS ALFREDO",2,0,0.0
JUICIO POLITICO,15,0,0.0
"JULIANO, PABLO",88,19,0.2159
"JUNIO, JUAN CARLOS ISAAC",42,14,0.3333
"JURI, MARIANA",81,25,0.3086
"KAKUBUR, EMILIO",26,4,0.1538
"KATZ, DANIEL",24,11,0.4583
"KENNY, EDUARDO ENRIQUE FEDERICO",29,12,0.4138
"KICILLOF, AXEL",18,12,0.6667
"KIRCHNER, MAXIMO CARLOS",35,30,0.8571
"KLIPAUKA LEWTAK, FLORENCIA",71,20,0.2817
"KOENIG, MARCELO",9,6,0.6667
"KORENFELD, BEATRIZ LILIANA",25,3,0.12
"KOSINER, PABLO FRANCISCO JUAN",203,86,0.4236
"KRONEBERGER, DANIEL RICARDO",228,125,0.5482
"KUNKEL, CARLOS MIGUEL",36,28,0.7778
"LACIAR, SUSANA ALICIA",68,15,0.2206
"LACOSTE, JORGE ENRIQUE",38,17,0.4474
"LAGORIA, ELIA NELLY",236,48,0.2034
"LAMPREABE, FLORENCIA",34,27,0.7941
"LANCETA, RUBEN ORFEL",40,30,0.75
"LANDAU, JORGE ALBERTO",38,29,0.7632
"LANDRISCINI, SUSANA GRACIELA",67,10,0.1493
"LARROQUE, ANDRES",48,22,0.4583
"LASPINA, LUCIANO ANDRES",26,18,0.6923
"LATORRE, JIMENA",42,19,0.4524
"LAVAGNA, MARCO",20,15,0.75
"LEAVY, SERGIO NAPOLEON",101,16,0.1584
"LEDESMA ABDALA DE ZAMORA, CLAUDIA",16,8,0.5
"LEDESMA, JULIO RUBEN",88,53,0.6023
"LEDESMA, TOMAS",86,24,0.2791
"LEGUIZAMON, MARIA LAURA",79,46,0.5823
"LEHMANN, MARIA LUCILA",72,28,0.3889
"LEITO, MARIO",13,3,0.2308
"LEIVA, ALDO",14,7,0.5
"LEIVA, ALDO ADOLFO",51,30,0.5882
"LEMOINE, LILIA",3,1,0.3333
"LEMOS, SILVIA BEATRIZ",31,11,0.3548
"LENA, GABRIELA",140,41,0.2929
"LENZ, MARIA BEATRIZ",48,4,0.0833
"LEVERBERG, STELLA MARIS",821,108,0.1315
"LINARES, MARIA VIRGINIA",711,155,0.218
"LIPOVETZKY, DANIEL ANDRES",44,34,0.7727
"LITZA, MONICA",55,35,0.6364
"LITZA, MONICA EDITH",20,15,0.75
"LLANCAFILO, OSVALDO",15,2,0.1333
"LLANO, MERCEDES",18,12,0.6667
"LLANOS MASSA, ANA MARIA",216,45,0.2083
"LLANOS, ANA",12,0,0.0
"LLANOS, EDITH OLGA",32,16,0.5
"LLANOS, ERMINDO EDGARDO MARCELO",21,15,0.7143
"LLARYORA, MARTIN MIGUEL",41,13,0.3171
"LLERA, TIMOTEO",84,15,0.1786
"LOMBARDI, HERNAN",106,19,0.1792
"LOPARDO, MARIA PAULA",19,6,0.3158
"LOPEZ ARIAS, MARCELO EDUARDO",55,31,0.5636
"LOPEZ KOENIG, LEANDRO GASTON",29,19,0.6552
"LOPEZ MURPHY, RICARDO HIPOLITO",217,67,0.3088
"LOPEZ RODRIGUEZ, DANTE",54,8,0.1481
"LOPEZ, ERNESTO SEGUNDO",16,1,0.0625
"LOPEZ, GUSTAVO FERNANDO",4,2,0.5
"LOPEZ, JIMENA",55,26,0.4727
"LOPEZ, JUAN MANUEL",288,173,0.6007
"LOPEZ, PABLO SEBASTIAN",79,22,0.2785
"LOPEZ, RAFAEL ANGEL",14,2,0.1429
"LORENZO BOROCOTO, EDUARDO",12,12,1.0
"LORGES, JUAN CARLOS",1,0,0.0
"LOSPENNATO, SILVIA",84,70,0.8333
"LOSPENNATO, SILVIA GABRIELA",241,135,0.5602
"LOTTO, INES BEATRIZ",71,26,0.3662
"LOUSTEAU, MARTIN",31,23,0.7419
"LOZANO, CLAUDIO RAUL",155,73,0.471
"LUNA DE MARCOS, ANA ZULEMA",15,2,0.1333
"LUQUE, JUAN PABLO",7,3,0.4286
"LUSQUIÑOS, LUIS BERNARDO",39,16,0.4103
"MAC ALLISTER, CARLOS JAVIER",59,20,0.339
"MACALUSE, EDUARDO GABRIEL",226,120,0.531
"MACHA, MONICA",362,149,0.4116
"MACIAS, OSCAR ALBERTO",48,8,0.1667
"MACRI, MAURICIO",105,0,0.0
"MACYSZYN, LORENA",6,4,0.6667
"MADERA, TERESITA",44,14,0.3182
"MAGARIO, VERONICA MARIA",27,18,0.6667
"MAJDALANI, SILVIA CRISTINA",150,61,0.4067
"MALDONADO, VICTOR HUGO",285,107,0.3754
"MANES, FACUNDO",26,18,0.6923
"MANGO, MARCELO",4,2,0.5
"MANRIQUE, MARIO",2,2,1.0
"MANSUR, RICARDO ALFREDO",31,13,0.4194
"MANZI, RUBEN",81,19,0.2346
"MANZUR, JUAN LUIS",98,0,0.0
"MAQUIEYRA, MARTIN",254,138,0.5433
"MARCOLLI, JULIETA",5,1,0.2
"MARCONATO, GUSTAVO ANGEL",8,3,0.375
"MARCOPULOS, JUAN FERNANDO",99,13,0.1313
"MARCUCCI, HUGO MARIA",111,76,0.6847
"MARIN, VARINIA LIS",97,72,0.7423
"MARINO, ADRIANA DEL CARMEN",27,18,0.6667
"MARINO, JUAN",48,16,0.3333
"MARQUEZ, CLAUDIA GABRIELA",19,11,0.5789
"MARQUEZ, NADIA",4,0,0.0
"MARTIARENA, JOSE LUIS",89,47,0.5281
"MARTIARENA, MARIO HUMBERTO",39,7,0.1795
"MARTIN, JUAN",67,13,0.194
"MARTIN, MARIA ELENA",68,20,0.2941
"MARTINEZ CAMPOS, GUSTAVO JOSE",511,21,0.0411
"MARTINEZ GARBINO, EMILIO RAUL",7,4,0.5714
"MARTINEZ ODDONE, HERIBERTO AGUSTIN",11,3,0.2727
"MARTINEZ VILLADA, LEONOR MARIA",88,39,0.4432
"MARTINEZ, ALVARO",41,23,0.561
"MARTINEZ, ANA LAURA",73,26,0.3562
"MARTINEZ, DARIO",87,56,0.6437
"MARTINEZ, DOLORES",85,20,0.2353
"MARTINEZ, ERNESTO FELIX",16,12,0.75
"MARTINEZ, GERMAN PEDRO",51,18,0.3529
"MARTINEZ, JULIO CESAR",1191,186,0.1562
"MARTINEZ, MARIA ROSA",107,41,0.3832
"MARTINEZ, OSCAR ANSELMO",8,2,0.25
"MARTINEZ, OSCAR ARIEL",143,68,0.4755
"MARTINEZ, SILVIA ALEJANDRA",74,57,0.7703
"MARTINEZ, SOLEDAD",232,60,0.2586
"MARZIOTTA, GISELA",421,147,0.3492
"MASIN, MARIA LUCILA",230,125,0.5435
"MASSA, SERGIO TOMAS",118,90,0.7627
"MASSEI, JUAN CARLOS",1,0,0.0
"MASSEI, OSCAR",47,16,0.3404
"MASSETANI, VANESA LAURA",93,55,0.5914
"MASSO, FEDERICO AUGUSTO",44,23,0.5227
"MASSOT, NICOLAS",3,1,0.3333
"MASSOT, NICOLAS MARIA",8,3,0.375
"MASTALER, MAGALI",16,2,0.125
"MATZEN, LORENA",141,59,0.4184
"MAUREIRA, KARINA",1,1,1.0
"MAYORAZ, NICOLAS",8,2,0.25
"MAZURE, LILIANA AMALIA",78,10,0.1282
"MAZZARELLA, SUSANA DEL VALLE",4,1,0.25
"MEDINA, GLADYS",61,44,0.7213
"MEDINA, MARTIN NICOLAS",74,22,0.2973
"MENDOZA, JOSEFINA",127,63,0.4961
"MENDOZA, MAYRA SOLEDAD",153,49,0.3203
"MENDOZA, SANDRA MARCELA",143,15,0.1049
"MENEM, MARTIN",1,1,1.0
"MENNA, GUSTAVO",211,99,0.4692
"MERA, DALMACIO",78,19,0.2436
"MERCADO, VERONICA",137,27,0.1971
"MERCHAN, PAULA CECILIA",220,55,0.25
"MERLO, MARIO RAUL",51,7,0.1373
"MESTRE, DIEGO MATIAS",196,158,0.8061
"METAZA, MARIO ALFREDO",30,9,0.3
"MICHEL, GUILLERMO",8,7,0.875
"MICHETTI, MARTA GABRIELA",56,33,0.5893
"MILEI, JAVIER GERARDO",43,0,0.0
"MILMAN, GERARDO",682,278,0.4076
"MIRABELLA, ROBERTO",203,63,0.3103
"MIRANDA, PEDRO RUBEN",131,64,0.4885
"MIRKIN, BEATRIZ GRACIELA",12,1,0.0833
"MIÑO, FERNANDA",3,1,0.3333
"MOISES, MARIA CAROLINA",163,45,0.2761
"MOLAS, PEDRO OMAR",79,17,0.2152
"MOLINA, JUAN CARLOS",6,0,0.0
"MOLINA, KARINA ALEJANDRA",71,18,0.2535
"MOLINA, MANUEL ISAURO",13,3,0.2308
"MOLINUEVO, SOLEDAD",1,0,0.0
"MOLLE, MATIAS",9,8,0.8889
"MONALDI, OSMAR ANTONIO",43,25,0.5814
"MONFORT, MARCELO ALEJANDRO",102,32,0.3137
"MONGELO, JOSE RICARDO",99,30,0.303
"MONTENEGRO, GUILLERMO",19,3,0.1579
"MONTENEGRO, GUILLERMO TRISTAN",11,5,0.4545
"MONTERO, LAURA GISELA",15,10,0.6667
"MONTI, FRANCISCO",13,5,0.3846
"MONTOTO, MARIA LUISA",61,4,0.0656
"MONTOYA, JORGE LUCIANO",13,3,0.2308
"MONZO, EMILIO",18,5,0.2778
"MONZON, ROXANA",135,21,0.1556
"MORALES GORLERI, VICTORIA",244,29,0.1189
"MORALES, FLAVIA",148,17,0.1149
"MORALES, MARIANA ELIZABET",63,16,0.254
"MORAN, JUAN CARLOS",100,29,0.29
"MORAN, MICAELA",242,68,0.281
"MORANDINI, NORMA ELENA",55,7,0.1273
"MORANTE, ANTONIO ARNALDO MARIA",782,38,0.0486
"MORCHIO, FRANCISCO",41,9,0.2195
"MOREAU, CECILIA",235,70,0.2979
"MOREAU, LEOPOLDO",27,5,0.1852
"MOREAU, LEOPOLDO RAUL GUIDO",8,3,0.375
"MOREJON, MANUEL AMOR",125,28,0.224
"MORENO OVALLE, JULIO",19,17,0.8947
"MORENO, CARLOS JULIO",2,1,0.5
"MORGADO, CLAUDIO MARCELO",19,4,0.2105
"MORINI, PEDRO JUAN",71,10,0.1408
"MOSQUEDA, JUAN",6,2,0.3333
"MOUILLERON, ROBERTO MARIO",21,10,0.4762
"MOUNIER, PATRICIA",24,13,0.5417
"MOYANO, HUGO ANTONIO",1,0,0.0
"MOYANO, JUAN FACUNDO",390,297,0.7615
"MOYANO, NILDA",23,1,0.0435
"MRAIDA, GABRIEL SEBASTIAN",2,0,0.0
"MUÑOZ, ROSA ROSARIO",62,15,0.2419
"MÜLLER, EDGAR RAUL",12,4,0.3333
"MÜLLER, MABEL HILDA",25,21,0.84
"NAIM, LIDIA LUCIA",34,10,0.2941
"NAJUL, CLAUDIA",282,101,0.3582
"NANNI, MIGUEL",103,73,0.7087
"NAVARRO, GRACIELA",61,11,0.1803
"NAZARIO, ADRIANA MONICA",265,113,0.4264
"NEBREDA, CARMEN ROSA",29,3,0.1034
"NEDER, ESTELA MARY",112,27,0.2411
"NEGRI, MARIO RAUL",373,186,0.4987
"NIERI, LISANDRO",10,6,0.6
"NIEVA, ALEJANDRO MARIO",44,21,0.4773
"NOBLEGA, SEBASTIAN",40,9,0.225
"NOGUERA, JAVIER",3,1,0.3333
"NUÑEZ, JOSE",5,1,0.2
"NUÑEZ, JOSE CARLOS",60,11,0.1833
"OBEID, ALEJANDRA DEL HUERTO",114,40,0.3509
"OBEID, JORGE ALBERTO",39,19,0.4872
"OBIGLIO, JULIAN MARTIN",116,53,0.4569
"OCAÑA, GRACIELA",499,148,0.2966
"OLIVA, CRISTIAN RODOLFO",83,36,0.4337
"OLIVARES, HECTOR ENRIQUE",150,31,0.2067
"OLIVETO LAGO, PAULA",248,168,0.6774
"OLMEDO, ALFREDO HORACIO",736,608,0.8261
"OLMOS, KELLY",4,1,0.25
"OMODEO, PAULA",24,15,0.625
"OPORTO, MARIO NESTOR",19,7,0.3684
"ORELLANA, JOSE FERNANDO",42,33,0.7857
"ORMACHEA, CLAUDIA BEATRIZ",58,31,0.5345
"OROZCO, EMILIA",38,22,0.5789
"ORREGO, HUMBERTO MARCELO",230,91,0.3957
"ORSOLINI, PABLO EDUARDO",257,14,0.0545
"ORTEGA, CARLOS",2,0,0.0
"ORTIZ CORREA, MARCIA SARA MARIA",40,15,0.375
"ORTIZ, MARIELA",23,4,0.1739
"OSORIO, MARTA LUCIA",16,2,0.125
"OSUNA, BLANCA INES",188,64,0.3404
"OUTES, PABLO",41,17,0.4146
"PAGANO, MARCELA MARINA",98,79,0.8061
"PAIS, JUAN MARIO",187,149,0.7968
"PALAZZO, SERGIO OMAR",47,40,0.8511
"PALLADINO, CLAUDIA MARIA",1,0,0.0
"PANSA, SERGIO HORACIO",198,46,0.2323
"PAPONET, LILIANA",50,20,0.4
"PARADA, LILIANA BEATRIZ",63,25,0.3968
"PAREDES URQUIZA, ALBERTO NICOLAS",53,36,0.6792
PARLAMENTARIA MIXTA REVISORA DE CUENTAS,548,0,0.0
"PAROLA, MARIA GRACIELA",11,1,0.0909
"PAROLI, RAUL OMAR",98,14,0.1429
"PARRILLI, NANCI MARIA AGUSTINA",59,2,0.0339
"PASINI, ARIEL OSVALDO ELOY",29,15,0.5172
"PASSO, MARCELA FABIANA",270,110,0.4074
"PASTORI, LUIS MARIO",279,111,0.3978
"PASTORIZA, EDUARDO ANTONIO",21,3,0.1429
"PASTORIZA, MIRTA AMELIANA",119,58,0.4874
"PATIÑO, JOSE LUIS",50,20,0.4
"PAULI, SANTIAGO",8,3,0.375
"PAULON, ESTEBAN",331,72,0.2175
"PEDRALI, GABRIELA",38,4,0.1053
"PEDRINI, JUAN MANUEL",129,54,0.4186
"PENACCA, PAULA ANDREA",58,22,0.3793
"PERALTA, FABIAN FRANCISCO",404,63,0.1559
"PEREYRA, GUILLERMO ANTONIO",32,11,0.3438
"PEREYRA, JUAN MANUEL",39,26,0.6667
"PEREYRA, JULIO",17,1,0.0588
"PEREZ ARAUJO, HERNAN",113,57,0.5044
"PEREZ PLAZA, EBER ALBANO",68,50,0.7353
"PEREZ, ADRIAN",231,160,0.6926
"PEREZ, ALBERTO JOSE",265,16,0.0604
"PEREZ, JORGE RAUL",17,5,0.2941
"PEREZ, MARTIN ALEJANDRO",107,50,0.4673
"PEREZ, RAUL JOAQUIN",16,9,0.5625
"PERIE, HUGO RUBEN",109,14,0.1284
"PERIE, JULIA ARGENTINA",368,60,0.163
"PEROTTI, OMAR ANGEL",69,10,0.1449
"PERRONI, ANA MARIA",35,4,0.1143
"PERTILE, ELDA",204,24,0.1176
"PETIT, MARIA DE LOS ANGELES",64,11,0.1719
"PETRI, LUIS ALFONSO",220,175,0.7955
"PEÑA, MARCOS",103,0,0.0
"PEÑALOZA MARIANETTI, MARIA FLORENCIA",87,57,0.6552
"PICAT, LUIS ALBINO",5,2,0.4
"PICCOLOMINI, MARIA CARLA",70,29,0.4143
"PICHETTO, MIGUEL ANGEL",22,16,0.7273
"PICON MARTINEZ, NANCY VIVIANA",60,46,0.7667
"PIEMONTE, HECTOR HORACIO",356,78,0.2191
"PIETRAGALLA CORTI, HORACIO",89,33,0.3708
"PILATTI VERGARA, MARIA INES",106,20,0.1887
"PINEDO, FEDERICO",443,277,0.6253
"PINTO, SERGIO DAMIAN",13,1,0.0769
"PIPARO, CAROLINA",29,16,0.5517
"PITIOT, CARLA BETINA",68,41,0.6029
"PITROLA, NESTOR",5,0,0.0
"PITROLA, NESTOR ANTONIO",135,53,0.3926
"PIUMATO, JULIO JUAN",24,16,0.6667
"PLAINI, FRANCISCO OMAR",54,27,0.5
"POGGI, CLAUDIO JAVIER",79,41,0.519
"POKOIK, LORENA",39,3,0.0769
"POLINI, JUAN CARLOS",86,13,0.1512
"POLLEDO, CARMEN",62,12,0.1935
"PONCE, CARLOS YBRHAIN",114,24,0.2105
"PONCE, MARIA CELESTE",2,0,0.0
"PORTELA, AGUSTIN ALBERTO",105,33,0.3143
"PORTO, HECTOR NORBERTO",1,0,0.0
"POSSE, NICOLAS JOSE",2,0,0.0
"POTENZA, LUCIANA",11,7,0.6364
"PRADES, C. FACUNDO",3,2,0.6667
"PRADINES, ROBERTO ARTURO",36,23,0.6389
"PRESTI, ALBERTO",1,0,0.0
"PRETTO, PEDRO JAVIER",65,41,0.6308
"PRIETO, HUGO NELSON",55,34,0.6182
"PROPATO, AGUSTINA LUCRECIA",312,89,0.2853
"PUCHETA, RAMONA",57,23,0.4035
"PUERTA, FEDERICO RAMON",50,8,0.16
"PUIGGROS, ADRIANA VICTORIA",192,106,0.5521
"QUETGLAS, FABIO JOSE",59,27,0.4576
"QUINTAR, AMADO",12,4,0.3333
"QUINTAR, MANUEL",3,1,0.3333
"QUINTERO, MARTA BEATRIZ",4,3,0.75
"QUIROGA, HORACIO RODOLFO",6,1,0.1667
"QUIROZ, ELSA SIRIA",72,18,0.25
"QUIROZ, MARILU",48,13,0.2708
"RACH QUIROGA, ANALIA",51,16,0.3137
"RAFFO, JULIO",51,24,0.4706
"RAIMUNDI, CARLOS",114,29,0.2544
"RAMON, JOSE LUIS",102,70,0.6863
"RAMOS, ALEJANDRO",86,33,0.3837
"RANDAZZO, FLORENCIO",2,2,1.0
"RASINO, ELIDA ELENA",130,30,0.2308
"RAUSCHENBERGER, ARIEL",145,57,0.3931
"RAVERTA, MARIA FERNANDA",152,47,0.3092
"RAZZINI, VERONICA",9,6,0.6667
"RE, HILMA LEONOR",109,49,0.4495
"RECALDE, HECTOR PEDRO",966,851,0.881
"REDCZUK, OSCAR FELIPE",22,6,0.2727
"REGAZZOLI, MARIA CRISTINA",100,32,0.32
"REGIDOR BELLEDONE, ESTELA MERCEDES",74,55,0.7432
"REJAL, JESUS FERNANDO",8,1,0.125
"REY, MARIA LUJAN",59,21,0.3559
"REYES, MARIA FERNANDA",133,60,0.4511
"REYES, ROXANA",201,69,0.3433
"REYES, ROXANA NAHIR",52,29,0.5577
"REZINOVSKY, DINA",212,80,0.3774
"RICCARDO, JOSE LUIS",311,90,0.2894
"RICCI, NADIA LORENA",15,5,0.3333
"RICO, MARIA DEL CARMEN",9,5,0.5556
"RIESTRA, ANTONIO SABINO",153,60,0.3922
"RIOBOO, SANDRA ADRIANA",33,14,0.4242
"RIOS, LILIANA MARIA",37,11,0.2973
"RIOS, ROBERTO FABIAN",3,3,1.0
"RIPOLL, VILMA",14,8,0.5714
"RISKO, SILVIA LUCRECIA",74,25,0.3378
"RISTA, OLGA MARIA",81,50,0.6173
"RITONDO, CRISTIAN A.",35,25,0.7143
"RITONDO, CRISTIAN ADRIAN",108,46,0.4259
"RIVARA, RAUL ALBERTO",4,1,0.25
"RIVAROLA, RUBEN ARMANDO",33,3,0.0909
"RIVAS, JORGE",37,17,0.4595
"RIZZOTTI, JORGE",52,35,0.6731
"ROBERTI, ALBERTO OSCAR",61,28,0.459
"ROBERTO, SANTIAGO LUIS",1,0,0.0
"ROBLEDO, ROBERTO RICARDO",36,15,0.4167
"RODENAS, ALEJANDRA",38,11,0.2895
"RODRIGUEZ MACHADO, LAURA",30,9,0.3
"RODRIGUEZ SAA, NICOLAS",16,6,0.375
"RODRIGUEZ, ALEJANDRO ""TOPO""",38,19,0.5
"RODRIGUEZ, EVARISTO ARTURO",10,1,0.1
"RODRIGUEZ, MARCELA VIRGINIA",238,217,0.9118
"RODRIGUEZ, MATIAS DAVID",71,40,0.5634
"RODRIGUEZ, MIGUEL",1,0,0.0
"RODRIGUEZ, RODRIGO MARTIN",30,15,0.5
"ROGEL, FABIAN DULIO",114,69,0.6053
"ROJKES DE ALPEROVICH, BEATRIZ LILIANA",20,10,0.5
"ROLDAN, JOSE MARIA",12,8,0.6667
"ROMA, CARLOS GASTON",148,84,0.5676
"ROMAN, CARMEN",19,7,0.3684
"ROMERO, ANA CLARA",117,41,0.3504
"ROMERO, JORGE ANTONIO",45,11,0.2444
"ROMERO, JUAN CARLOS",1,0,0.0
"ROMERO, OSCAR ALBERTO",24,15,0.625
"ROMERO, VICTOR HUGO",41,19,0.4634
"ROQUEL, HECTOR ALBERTO",2,0,0.0
"ROSSI, AGUSTIN OSCAR",148,35,0.2365
"ROSSI, ALEJANDRO LUIS",11,8,0.7273
"ROSSI, BLANCA ARACELI",70,25,0.3571
"ROSSI, CIPRIANA LORENA",14,3,0.2143
"ROSSO, VICTORIA",79,35,0.443
"RUARTE, ADRIANA NOEMI",51,14,0.2745
"RUBIN, CARLOS GUSTAVO",396,65,0.1641
"RUCCI, CLAUDIA MONICA",26,22,0.8462
"RUIZ ARAGON, JOSE ARNALDO",60,16,0.2667
"RUIZ, AIDA DELIA",17,4,0.2353
"RUIZ, RAMON",37,12,0.3243
"RUIZ, YAMILA",301,17,0.0565
"RUSSO, LAURA",46,26,0.5652
"SAADI, GUSTAVO ARTURO",54,4,0.0741
"SABBATELLA, MARTIN",40,16,0.4
"SACCA, LUIS FERNANDO",45,20,0.4444
"SAHAD, JULIO ENRIQUE",79,25,0.3165
"SALIM, JUAN ARTURO",167,10,0.0599
"SALINO, FERNANDO ALDO",4,0,0.0
"SALUM, OSVALDO RUBEN",15,4,0.2667
"SALVADOR, SEBASTIAN NICOLAS",93,26,0.2796
"SALVAREZZA, ROBERTO",29,6,0.2069
"SALZMANN, MARINA DOROTEA",1,1,1.0
"SAN MARTIN, ADRIAN",24,12,0.5
"SANCHEZ WRBA, JAVIER",8,3,0.375
"SANCHEZ, FERNANDO",100,62,0.62
"SANCHEZ, FRANCISCO",135,61,0.4519
"SANCHEZ, ROBERTO ANTONIO",44,8,0.1818
"SAND, NANCY",42,7,0.1667
"SANTANDER, MARIO ARMANDO",20,7,0.35
"SANTILLAN JUAREZ BRAHIM, JULIANA",13,1,0.0769
"SANTILLAN, WALTER MARCELO",79,40,0.5063
"SANTILLI, DIEGO",24,16,0.6667
"SANTIN, EDUARDO",41,33,0.8049
"SANTORO, LEANDRO",35,17,0.4857
"SANTOS, GUSTAVO",8,0,0.0
"SANTURIO, SANTIAGO",4,4,1.0
"SAPAG, ALMA LILIANA",580,77,0.1328
"SAPAG, SILVIA",5,5,1.0
"SARAPURA, NATALIA SILVINA",106,30,0.283
"SARGHINI, JORGE EMILIO",5,5,1.0
"SARTORI, DIEGO HORACIO",164,42,0.2561
"SATRAGNO, LIDIA ELSA",26,9,0.3462
"SCAGLIA, GISELA",333,95,0.2853
"SCALESI, JUAN CARLOS",173,49,0.2832
"SCHIARETTI, JUAN",33,20,0.6061
"SCHIAVONI, ALFREDO OSCAR",48,9,0.1875
"SCHLERETH, DAVID PABLO",111,36,0.3243
"SCHLOTTHAUER, MONICA",23,9,0.3913
"SCHLOTTHAUER, MONICA LETICIA",25,12,0.48
"SCHMIDT LIERMANN, CORNELIA",318,54,0.1698
"SCHWINDT, MARIA LILIANA",48,23,0.4792
"SCIOLI, DANIEL",21,4,0.1905
"SCIUTTO, RUBEN DARIO",123,16,0.1301
"SCOTTO, SILVIA CAROLINA",4,0,0.0
"SEGARRA, ADELA ROSA",71,47,0.662
"SELVA, CARLOS AMERICO",148,64,0.4324
"SELVA, SABRINA",55,9,0.1636
"SEMHAN, MARIA DE LAS MERCEDES",33,14,0.4242
"SEMINARA, EDUARDO JORGE",46,5,0.1087
"SEREBRINSKY, GUSTAVO EDUARDO",18,8,0.4444
"SERQUIS, ADRIANA CRISTINA",2,0,0.0
"SESMA, LAURA JUDITH",84,46,0.5476
"SIERRA, MAGDALENA",56,16,0.2857
"SILEY, VANESA RAQUEL",128,76,0.5938
"SIMONCINI, SILVIA ROSA",17,4,0.2353
"SLUGA, JUAN CARLOS",2,0,0.0
"SNOPEK, ALEJANDRO FRANCISCO",28,15,0.5357
"SNOPEK, CARLOS DANIEL",50,16,0.32
"SNOPEK, GUILLERMO",13,7,0.5385
"SNOPEK, GUILLERMO EUGENIO MARIO",51,17,0.3333
"SOLA, FELIPE CARLOS",31,23,0.7419
"SOLANAS, FERNANDO EZEQUIEL",140,50,0.3571
"SOLANAS, JULIO RODOLFO",205,93,0.4537
"SOLANAS, RAUL PATRICIO",190,179,0.9421
"SORAIRE, MIRTA ALICIA",81,42,0.5185
"SORGENTE, MARCELO ADOLFO",13,8,0.6154
"SORIA, MARIA EMILIA",155,113,0.729
"SORIA, MARTIN",46,38,0.8261
"SOSA, SOLEDAD",67,20,0.2985
"SOTO, GLADYS BEATRIZ",127,46,0.3622
"SOTOLANO, MARIA",167,76,0.4551
"SOUTO, NATALIA MARCELA",59,23,0.3898
"SPATOLA, PAOLA ROSANA",13,11,0.8462
"SPINOZZI, RICARDO ADRIAN",54,11,0.2037
"SPOSITO, AYELEN",36,24,0.6667
"STEFANI, HECTOR ANTONIO",198,65,0.3283
"STILMAN, MARIANA",85,57,0.6706
"STOLBIZER, MARGARITA",167,44,0.2635
"STOLBIZER, MARGARITA ROSA",341,153,0.4487
"STORANI, MARIA LUISA",48,15,0.3125
"STORNI, SILVIA",61,19,0.3115
"STRADA, JULIA",42,13,0.3095
"STURZENEGGER, FEDERICO ADOLFO",12,10,0.8333
"SUAREZ LASTRA, FACUNDO",83,21,0.253
"SYLVESTRE BEGNIS, JUAN HECTOR",31,6,0.1935
"TABOADA, JORGE",44,28,0.6364
"TACCETTA, MATIAS",92,23,0.25
"TAIANA, JORGE",1,0,0.0
"TAILHADE, RODOLFO",16,1,0.0625
"TAVELA, DANYA",112,46,0.4107
"TEJEDA, MARIA VICTORIA",69,12,0.1739
"TEJEDOR, MIGUEL ANGEL",53,3,0.0566
"TENTOR, HECTOR OLINDO",8,6,0.75
"TEPP, CAREN",1,0,0.0
"TERADA, ALICIA",172,111,0.6453
"TETAZ, MARTIN ALBERTO",122,82,0.6721
"THOMAS, ENRIQUE LUIS",70,23,0.3286
"TINEO, JAVIER HECTOR",25,7,0.28
"TITA, PAULO AGUSTIN",1,0,0.0
"TODERO, PABLO",49,19,0.3878
"TOLEDO, SUSANA MARIA",20,3,0.15
"TOLOSA PAZ, VICTORIA",80,30,0.375
"TOMAS, HECTOR DANIEL",81,64,0.7901
"TOMASSI, NESTOR NICOLAS",126,22,0.1746
"TOMAZ, ADRIANA ELISA",14,6,0.4286
"TONELLI, PABLO GABRIEL",133,81,0.609
"TONIOLLI, EDUARDO",193,53,0.2746
"TORELLO, PABLO",106,21,0.1981
"TORFE, MONICA LILIANA",132,40,0.303
"TORRES DEL SEL, MIGUEL IGNACIO",33,19,0.5758
"TORRES, ALEJANDRA",14,6,0.4286
"TORRES, IGNACIO AGUSTIN",60,8,0.1333
"TORROBA, FRANCISCO JAVIER",27,20,0.7407
"TORRONTEGUI, MARIA ANGELICA",153,29,0.1895
"TORTORIELLO, ANIBAL",15,4,0.2667
"TOURNIER, JOSE FEDERICO",2,1,0.5
"TREFFINGER, CESAR",8,1,0.125
"TRIACA, ALBERTO JORGE",79,43,0.5443
"TROIANO, GABRIELA ALEJANDRA",240,74,0.3083
"TROTTA, NICOLAS ALFREDO",5,1,0.2
"TUNDIS, MIRTA",337,94,0.2789
"TUNESSI, JUAN PEDRO",189,63,0.3333
"UCEDA, MARISA LOURDES",79,26,0.3291
"URLICH, CARLOS",63,10,0.1587
"URROZ, PAULA MARCELA",20,8,0.4
"UÑAC, JOSE RUBEN",31,13,0.4194
"VACA NARVAJA, PATRICIA",12,3,0.25
"VALDES, EDUARDO FELIX",208,61,0.2933
"VALDES, GUSTAVO ADOLFO",88,42,0.4773
"VALINOTTO, JORGE ANSELMO",26,12,0.4615
"VALLEJOS, ALFREDO",2,0,0.0
"VALLEJOS, FERNANDA",83,34,0.4096
"VALLONE, ANDRES ALBERTO",66,25,0.3788
"VANCSIK, DANIEL",49,2,0.0408
"VAQUIE, ENRIQUE ANDRES",60,33,0.55
"VARA, JORGE",31,17,0.5484
"VARGAS AIGNASSE, GERONIMO",256,214,0.8359
"VARGAS MATYI, BRENDA",19,7,0.3684
"VARISCO, SERGIO FAUSTO",6,4,0.6667
"VASQUEZ, PATRICIA",14,13,0.9286
"VAZQUEZ, JUAN BENEDICTO",34,14,0.4118
"VAZQUEZ, SILVIA BEATRIZ",88,32,0.3636
"VEAUTE, MARIANA ALEJANDRA",90,21,0.2333
"VEGA, JUAN CARLOS",34,18,0.5294
"VEGA, MARIA CLARA DEL VALLE",74,7,0.0946
"VEGA, YOLANDA",62,29,0.4677
"VELARDE, MARTA SYLVIA",34,23,0.6765
"VELAZQUEZ, M. ELENA",1,0,0.0
"VERA GONZALEZ, ORIETA CECILIA",22,8,0.3636
"VERASAY, PAMELA FERNANDA",22,10,0.4545
"VERON, JORGE GUILLERMO",20,12,0.6
"VESSVESSIAN, PAOLA",25,10,0.4
"VIALE, LISANDRO ALFREDO",183,43,0.235
"VIDAL, CLAUDIO ORLANDO",19,7,0.3684
"VIDAL, MARIA EUGENIA",108,68,0.6296
"VIDELA, NORA ESTHER",23,9,0.3913
"VIGO, ALEJANDRA MARIA",38,13,0.3421
"VILAR, DANIELA MARINA",14,8,0.5714
"VILARIÑO, JOSE ANTONIO",803,90,0.1121
"VILCA, ALEJANDRO",72,16,0.2222
"VILLA, JOSE ANTONIO",5,2,0.4
"VILLA, NATALIA SOLEDAD",170,72,0.4235
"VILLALONGA, JUAN CARLOS",51,24,0.4706
"VILLAR MOLINA, MARIA INES",125,37,0.296
"VILLARRUEL, VICTORIA",16,3,0.1875
"VILLATA, GRACIELA SUSANA",45,13,0.2889
"VILLAVERDE, JORGE ANTONIO",20,13,0.65
"VILLAVERDE, LORENA",18,5,0.2778
"VILLAVICENCIO, MARIA TERESITA",33,6,0.1818
"VIVERO, CARLOS ALBERTO",18,9,0.5
"VOLNOVICH, LUANA",117,51,0.4359
"WAYAR, WALTER RAUL",9,3,0.3333
"WECHSLER, MARCELO GERMAN",168,130,0.7738
"WELLBACH, RICARDO",11,3,0.2727
"WEST, MARIANO FEDERICO",11,9,0.8182
"WISKY, SERGIO JAVIER",49,28,0.5714
"WOLFF, WALDO EZEQUIEL",152,25,0.1645
"YACOBITTI, EMILIANO BENJAMIN",30,9,0.3
"YAGÜE, LINDA CRISTINA",37,7,0.1892
"YAMBRUN, LILIANA PATRICIA",21,13,0.619
"YAPOR, LUCIO",2,2,1.0
"YARADE, FERNANDO",164,145,0.8841
"YASKY, HUGO",177,94,0.5311
"YAZBEK, RUBEN DAVID",38,6,0.1579
"YEDLIN, PABLO",2,0,0.0
"YEDLIN, PABLO RAUL",77,25,0.3247
"YEZA, MARTIN",13,13,1.0
"YOMA, JORGE RAUL",21,16,0.7619
"YUTROVIC, CAROLINA",74,23,0.3108
"ZABALA CHACUR, NATALIA",14,3,0.2143
"ZABALZA, JUAN CARLOS",118,14,0.1186
"ZAGO, OSCAR",5,2,0.4
"ZAMARBIDE, FEDERICO RAUL",89,37,0.4157
"ZAMARREÑO, MARIA EUGENIA",67,31,0.4627
"ZANCADA, PABLO V.",153,22,0.1438
"ZANGLA, MARIA JOSE",1,0,0.0
"ZAPATA, CARLOS RAUL",153,41,0.268
"ZARACHO, NATALIA",29,16,0.5517
"ZAVALLO, GUSTAVO MARCELO",35,6,0.1714
"ZIEBART, CRISTINA ISABEL",96,10,0.1042
"ZIEGLER, ALEX ROBERTO",77,53,0.6883
"ZIGARAN, MARIA INES",6,1,0.1667
"ZILIOTTO, SERGIO RAUL",54,33,0.6111
"ZOTTOS, ANDRES",88,30,0.3409
"ZULLI, CHRISTIAN ALEJANDRO",20,3,0.15
"ZUVIC, MARIANA",136,14,0.1029
